-- ============================================================
-- V14 - Popular dados iniciais (seed) para demonstração
-- Inclui todas as tabelas e seus relacionamentos
-- ============================================================

-- ────────────────────────────────────────────────────────────
-- 1. Responsáveis Financeiros (5)
-- ────────────────────────────────────────────────────────────
INSERT INTO responsavel_financeiro (id, nome, cpf, email, telefone, created_at) VALUES
  ('a0000000-0000-0000-0000-000000000001', 'Maria Aparecida Silva',    '111.222.333-44', 'maria.silva@email.com',     '(11) 98765-0001', NOW()),
  ('a0000000-0000-0000-0000-000000000002', 'José Carlos Oliveira',     '222.333.444-55', 'jose.oliveira@email.com',   '(11) 98765-0002', NOW()),
  ('a0000000-0000-0000-0000-000000000003', 'Ana Paula Santos',         '333.444.555-66', 'ana.santos@email.com',      '(21) 98765-0003', NOW()),
  ('a0000000-0000-0000-0000-000000000004', 'Carlos Eduardo Pereira',   '444.555.666-77', 'carlos.pereira@email.com',  '(21) 98765-0004', NOW()),
  ('a0000000-0000-0000-0000-000000000005', 'Fernanda Lima Rodrigues',  '555.666.777-88', 'fernanda.lima@email.com',   '(31) 98765-0005', NOW());

-- ────────────────────────────────────────────────────────────
-- 2. Alunos (10)
-- ────────────────────────────────────────────────────────────
INSERT INTO aluno (id, nome, matricula, cpf, email, data_nascimento, responsavel_financeiro_id, created_at, deleted) VALUES
  ('b0000000-0000-0000-0000-000000000001', 'Lucas Silva Oliveira',      '2026001', '100.200.300-01', 'lucas.silva@escola.com',     '2010-03-15', 'a0000000-0000-0000-0000-000000000001', NOW(), false),
  ('b0000000-0000-0000-0000-000000000002', 'Gabriela Santos Lima',      '2026002', '100.200.300-02', 'gabriela.santos@escola.com', '2010-07-22', 'a0000000-0000-0000-0000-000000000001', NOW(), false),
  ('b0000000-0000-0000-0000-000000000003', 'Pedro Henrique Oliveira',   '2026003', '100.200.300-03', 'pedro.oliveira@escola.com',  '2011-01-10', 'a0000000-0000-0000-0000-000000000002', NOW(), false),
  ('b0000000-0000-0000-0000-000000000004', 'Mariana Costa Ferreira',    '2026004', '100.200.300-04', 'mariana.costa@escola.com',   '2010-11-05', 'a0000000-0000-0000-0000-000000000002', NOW(), false),
  ('b0000000-0000-0000-0000-000000000005', 'João Vitor Pereira',        '2026005', '100.200.300-05', 'joao.pereira@escola.com',    '2011-05-18', 'a0000000-0000-0000-0000-000000000003', NOW(), false),
  ('b0000000-0000-0000-0000-000000000006', 'Isabela Rodrigues Almeida', '2026006', '100.200.300-06', 'isabela.almeida@escola.com', '2010-09-30', 'a0000000-0000-0000-0000-000000000003', NOW(), false),
  ('b0000000-0000-0000-0000-000000000007', 'Rafael Souza Martins',      '2026007', '100.200.300-07', 'rafael.souza@escola.com',    '2011-02-14', 'a0000000-0000-0000-0000-000000000004', NOW(), false),
  ('b0000000-0000-0000-0000-000000000008', 'Larissa Alves Nascimento',  '2026008', '100.200.300-08', 'larissa.alves@escola.com',   '2010-06-25', 'a0000000-0000-0000-0000-000000000004', NOW(), false),
  ('b0000000-0000-0000-0000-000000000009', 'Matheus Lima Rocha',        '2026009', '100.200.300-09', 'matheus.lima@escola.com',    '2011-04-08', 'a0000000-0000-0000-0000-000000000005', NOW(), false),
  ('b0000000-0000-0000-0000-000000000010', 'Camila Fernandes Dias',     '2026010', '100.200.300-10', 'camila.dias@escola.com',     '2010-12-17', 'a0000000-0000-0000-0000-000000000005', NOW(), false);

-- ────────────────────────────────────────────────────────────
-- 3. Professores (6)
-- ────────────────────────────────────────────────────────────
INSERT INTO professor (id, nome, cpf, email, telefone, created_at, deleted) VALUES
  ('c0000000-0000-0000-0000-000000000001', 'Prof. Roberto Almeida',      '600.700.800-01', 'roberto.almeida@escola.com',  '(11) 99000-0001', NOW(), false),
  ('c0000000-0000-0000-0000-000000000002', 'Profa. Juliana Ferreira',    '600.700.800-02', 'juliana.ferreira@escola.com', '(11) 99000-0002', NOW(), false),
  ('c0000000-0000-0000-0000-000000000003', 'Prof. André Machado',        '600.700.800-03', 'andre.machado@escola.com',    '(21) 99000-0003', NOW(), false),
  ('c0000000-0000-0000-0000-000000000004', 'Profa. Cláudia Ribeiro',     '600.700.800-04', 'claudia.ribeiro@escola.com',  '(21) 99000-0004', NOW(), false),
  ('c0000000-0000-0000-0000-000000000005', 'Prof. Marcos Teixeira',      '600.700.800-05', 'marcos.teixeira@escola.com',  '(31) 99000-0005', NOW(), false),
  ('c0000000-0000-0000-0000-000000000006', 'Profa. Patrícia Gomes',      '600.700.800-06', 'patricia.gomes@escola.com',   '(31) 99000-0006', NOW(), false);

-- ────────────────────────────────────────────────────────────
-- 4. Disciplinas (12)
-- ────────────────────────────────────────────────────────────
INSERT INTO disciplina (id, nome, codigo, carga_horaria, created_at, deleted) VALUES
  ('d0000000-0000-0000-0000-000000000001', 'Matemática',          'MAT001', 120, NOW(), false),
  ('d0000000-0000-0000-0000-000000000002', 'Língua Portuguesa',   'POR001', 120, NOW(), false),
  ('d0000000-0000-0000-0000-000000000003', 'História',            'HIS001',  80, NOW(), false),
  ('d0000000-0000-0000-0000-000000000004', 'Geografia',           'GEO001',  80, NOW(), false),
  ('d0000000-0000-0000-0000-000000000005', 'Ciências',            'CIE001',  80, NOW(), false),
  ('d0000000-0000-0000-0000-000000000006', 'Física',              'FIS001',  80, NOW(), false),
  ('d0000000-0000-0000-0000-000000000007', 'Química',             'QUI001',  80, NOW(), false),
  ('d0000000-0000-0000-0000-000000000008', 'Biologia',            'BIO001',  80, NOW(), false),
  ('d0000000-0000-0000-0000-000000000009', 'Educação Física',     'EDF001',  40, NOW(), false),
  ('d0000000-0000-0000-0000-000000000010', 'Artes',               'ART001',  40, NOW(), false),
  ('d0000000-0000-0000-0000-000000000011', 'Inglês',              'ING001',  60, NOW(), false),
  ('d0000000-0000-0000-0000-000000000012', 'Informática',         'INF001',  40, NOW(), false);

-- ────────────────────────────────────────────────────────────
-- 5. Cursos (3)
-- ────────────────────────────────────────────────────────────
INSERT INTO curso (id, nome, codigo, descricao, created_at, deleted) VALUES
  ('e0000000-0000-0000-0000-000000000001', 'Ensino Fundamental I',  'EF1', 'Ensino Fundamental — Anos Iniciais (1º ao 5º ano)',  NOW(), false),
  ('e0000000-0000-0000-0000-000000000002', 'Ensino Fundamental II', 'EF2', 'Ensino Fundamental — Anos Finais (6º ao 9º ano)',    NOW(), false),
  ('e0000000-0000-0000-0000-000000000003', 'Ensino Médio',          'EM',  'Ensino Médio (1ª a 3ª série)',                        NOW(), false);

-- ────────────────────────────────────────────────────────────
-- 6. Curso ↔ Disciplina (grade curricular)
-- ────────────────────────────────────────────────────────────
-- Ensino Fundamental I: Matemática, Português, História, Geografia, Ciências, Ed. Física, Artes
INSERT INTO curso_disciplina (curso_id, disciplina_id) VALUES
  ('e0000000-0000-0000-0000-000000000001', 'd0000000-0000-0000-0000-000000000001'),
  ('e0000000-0000-0000-0000-000000000001', 'd0000000-0000-0000-0000-000000000002'),
  ('e0000000-0000-0000-0000-000000000001', 'd0000000-0000-0000-0000-000000000003'),
  ('e0000000-0000-0000-0000-000000000001', 'd0000000-0000-0000-0000-000000000004'),
  ('e0000000-0000-0000-0000-000000000001', 'd0000000-0000-0000-0000-000000000005'),
  ('e0000000-0000-0000-0000-000000000001', 'd0000000-0000-0000-0000-000000000009'),
  ('e0000000-0000-0000-0000-000000000001', 'd0000000-0000-0000-0000-000000000010');

-- Ensino Fundamental II: Matemática, Português, História, Geografia, Ciências, Ed. Física, Artes, Inglês, Informática
INSERT INTO curso_disciplina (curso_id, disciplina_id) VALUES
  ('e0000000-0000-0000-0000-000000000002', 'd0000000-0000-0000-0000-000000000001'),
  ('e0000000-0000-0000-0000-000000000002', 'd0000000-0000-0000-0000-000000000002'),
  ('e0000000-0000-0000-0000-000000000002', 'd0000000-0000-0000-0000-000000000003'),
  ('e0000000-0000-0000-0000-000000000002', 'd0000000-0000-0000-0000-000000000004'),
  ('e0000000-0000-0000-0000-000000000002', 'd0000000-0000-0000-0000-000000000005'),
  ('e0000000-0000-0000-0000-000000000002', 'd0000000-0000-0000-0000-000000000009'),
  ('e0000000-0000-0000-0000-000000000002', 'd0000000-0000-0000-0000-000000000010'),
  ('e0000000-0000-0000-0000-000000000002', 'd0000000-0000-0000-0000-000000000011'),
  ('e0000000-0000-0000-0000-000000000002', 'd0000000-0000-0000-0000-000000000012');

-- Ensino Médio: Matemática, Português, História, Geografia, Física, Química, Biologia, Ed. Física, Inglês, Informática
INSERT INTO curso_disciplina (curso_id, disciplina_id) VALUES
  ('e0000000-0000-0000-0000-000000000003', 'd0000000-0000-0000-0000-000000000001'),
  ('e0000000-0000-0000-0000-000000000003', 'd0000000-0000-0000-0000-000000000002'),
  ('e0000000-0000-0000-0000-000000000003', 'd0000000-0000-0000-0000-000000000003'),
  ('e0000000-0000-0000-0000-000000000003', 'd0000000-0000-0000-0000-000000000004'),
  ('e0000000-0000-0000-0000-000000000003', 'd0000000-0000-0000-0000-000000000006'),
  ('e0000000-0000-0000-0000-000000000003', 'd0000000-0000-0000-0000-000000000007'),
  ('e0000000-0000-0000-0000-000000000003', 'd0000000-0000-0000-0000-000000000008'),
  ('e0000000-0000-0000-0000-000000000003', 'd0000000-0000-0000-0000-000000000009'),
  ('e0000000-0000-0000-0000-000000000003', 'd0000000-0000-0000-0000-000000000011'),
  ('e0000000-0000-0000-0000-000000000003', 'd0000000-0000-0000-0000-000000000012');

-- ────────────────────────────────────────────────────────────
-- 7. Ano Letivo (1 ativo)
-- ────────────────────────────────────────────────────────────
INSERT INTO ano_letivo (id, ano, descricao, data_inicio, data_fim, ativo, created_at, deleted) VALUES
  ('f0000000-0000-0000-0000-000000000001', 2026, '2026 - Anual', '2026-02-03', '2026-12-18', true, NOW(), false);

-- ────────────────────────────────────────────────────────────
-- 8. Turmas (4)
-- ────────────────────────────────────────────────────────────
INSERT INTO turma (id, nome, curso_id, ano_letivo_id, created_at, deleted) VALUES
  ('10000000-0000-0000-0000-000000000001', '5º Ano A',    'e0000000-0000-0000-0000-000000000001', 'f0000000-0000-0000-0000-000000000001', NOW(), false),
  ('10000000-0000-0000-0000-000000000002', '7º Ano B',    'e0000000-0000-0000-0000-000000000002', 'f0000000-0000-0000-0000-000000000001', NOW(), false),
  ('10000000-0000-0000-0000-000000000003', '9º Ano A',    'e0000000-0000-0000-0000-000000000002', 'f0000000-0000-0000-0000-000000000001', NOW(), false),
  ('10000000-0000-0000-0000-000000000004', '1ª Série EM', 'e0000000-0000-0000-0000-000000000003', 'f0000000-0000-0000-0000-000000000001', NOW(), false);

-- ────────────────────────────────────────────────────────────
-- 9. Turma ↔ Aluno (matrícula dos alunos nas turmas)
-- ────────────────────────────────────────────────────────────
-- 5º Ano A: Lucas, Gabriela, Pedro
INSERT INTO turma_aluno (turma_id, aluno_id) VALUES
  ('10000000-0000-0000-0000-000000000001', 'b0000000-0000-0000-0000-000000000001'),
  ('10000000-0000-0000-0000-000000000001', 'b0000000-0000-0000-0000-000000000002'),
  ('10000000-0000-0000-0000-000000000001', 'b0000000-0000-0000-0000-000000000003');

-- 7º Ano B: Mariana, João, Isabela
INSERT INTO turma_aluno (turma_id, aluno_id) VALUES
  ('10000000-0000-0000-0000-000000000002', 'b0000000-0000-0000-0000-000000000004'),
  ('10000000-0000-0000-0000-000000000002', 'b0000000-0000-0000-0000-000000000005'),
  ('10000000-0000-0000-0000-000000000002', 'b0000000-0000-0000-0000-000000000006');

-- 9º Ano A: Rafael, Larissa
INSERT INTO turma_aluno (turma_id, aluno_id) VALUES
  ('10000000-0000-0000-0000-000000000003', 'b0000000-0000-0000-0000-000000000007'),
  ('10000000-0000-0000-0000-000000000003', 'b0000000-0000-0000-0000-000000000008');

-- 1ª Série EM: Matheus, Camila
INSERT INTO turma_aluno (turma_id, aluno_id) VALUES
  ('10000000-0000-0000-0000-000000000004', 'b0000000-0000-0000-0000-000000000009'),
  ('10000000-0000-0000-0000-000000000004', 'b0000000-0000-0000-0000-000000000010');

-- ────────────────────────────────────────────────────────────
-- 10. Professor ↔ Disciplina (quais disciplinas cada prof. leciona)
-- ────────────────────────────────────────────────────────────
-- Prof. Roberto Almeida   → Matemática, Física
-- Profa. Juliana Ferreira  → Português, Artes
-- Prof. André Machado      → História, Geografia
-- Profa. Cláudia Ribeiro   → Ciências, Biologia, Química
-- Prof. Marcos Teixeira    → Ed. Física
-- Profa. Patrícia Gomes    → Inglês, Informática
INSERT INTO professor_disciplina (professor_id, disciplina_id) VALUES
  ('c0000000-0000-0000-0000-000000000001', 'd0000000-0000-0000-0000-000000000001'),
  ('c0000000-0000-0000-0000-000000000001', 'd0000000-0000-0000-0000-000000000006'),
  ('c0000000-0000-0000-0000-000000000002', 'd0000000-0000-0000-0000-000000000002'),
  ('c0000000-0000-0000-0000-000000000002', 'd0000000-0000-0000-0000-000000000010'),
  ('c0000000-0000-0000-0000-000000000003', 'd0000000-0000-0000-0000-000000000003'),
  ('c0000000-0000-0000-0000-000000000003', 'd0000000-0000-0000-0000-000000000004'),
  ('c0000000-0000-0000-0000-000000000004', 'd0000000-0000-0000-0000-000000000005'),
  ('c0000000-0000-0000-0000-000000000004', 'd0000000-0000-0000-0000-000000000008'),
  ('c0000000-0000-0000-0000-000000000004', 'd0000000-0000-0000-0000-000000000007'),
  ('c0000000-0000-0000-0000-000000000005', 'd0000000-0000-0000-0000-000000000009'),
  ('c0000000-0000-0000-0000-000000000006', 'd0000000-0000-0000-0000-000000000011'),
  ('c0000000-0000-0000-0000-000000000006', 'd0000000-0000-0000-0000-000000000012');

-- ────────────────────────────────────────────────────────────
-- 11. Disponibilidade de Professores (horários livres)
-- ────────────────────────────────────────────────────────────
INSERT INTO professor_disponibilidade (id, professor_id, dia_semana, hora_inicio, hora_fim) VALUES
  -- Prof. Roberto: Seg–Sex manhã
  ('20000000-0000-0000-0000-000000000001', 'c0000000-0000-0000-0000-000000000001', 'SEGUNDA', '07:30', '12:00'),
  ('20000000-0000-0000-0000-000000000002', 'c0000000-0000-0000-0000-000000000001', 'TERCA',   '07:30', '12:00'),
  ('20000000-0000-0000-0000-000000000003', 'c0000000-0000-0000-0000-000000000001', 'QUARTA',  '07:30', '12:00'),
  ('20000000-0000-0000-0000-000000000004', 'c0000000-0000-0000-0000-000000000001', 'QUINTA',  '07:30', '12:00'),
  ('20000000-0000-0000-0000-000000000005', 'c0000000-0000-0000-0000-000000000001', 'SEXTA',   '07:30', '12:00'),

  -- Profa. Juliana: Seg–Qui manhã + tarde
  ('20000000-0000-0000-0000-000000000006', 'c0000000-0000-0000-0000-000000000002', 'SEGUNDA', '07:30', '17:00'),
  ('20000000-0000-0000-0000-000000000007', 'c0000000-0000-0000-0000-000000000002', 'TERCA',   '07:30', '17:00'),
  ('20000000-0000-0000-0000-000000000008', 'c0000000-0000-0000-0000-000000000002', 'QUARTA',  '07:30', '17:00'),
  ('20000000-0000-0000-0000-000000000009', 'c0000000-0000-0000-0000-000000000002', 'QUINTA',  '07:30', '17:00'),

  -- Prof. André: Seg, Qua, Sex manhã
  ('20000000-0000-0000-0000-000000000010', 'c0000000-0000-0000-0000-000000000003', 'SEGUNDA', '07:30', '12:00'),
  ('20000000-0000-0000-0000-000000000011', 'c0000000-0000-0000-0000-000000000003', 'QUARTA',  '07:30', '12:00'),
  ('20000000-0000-0000-0000-000000000012', 'c0000000-0000-0000-0000-000000000003', 'SEXTA',   '07:30', '12:00'),

  -- Profa. Cláudia: Seg–Sex manhã
  ('20000000-0000-0000-0000-000000000013', 'c0000000-0000-0000-0000-000000000004', 'SEGUNDA', '07:30', '12:00'),
  ('20000000-0000-0000-0000-000000000014', 'c0000000-0000-0000-0000-000000000004', 'TERCA',   '07:30', '12:00'),
  ('20000000-0000-0000-0000-000000000015', 'c0000000-0000-0000-0000-000000000004', 'QUARTA',  '07:30', '12:00'),
  ('20000000-0000-0000-0000-000000000016', 'c0000000-0000-0000-0000-000000000004', 'QUINTA',  '07:30', '12:00'),
  ('20000000-0000-0000-0000-000000000017', 'c0000000-0000-0000-0000-000000000004', 'SEXTA',   '07:30', '12:00'),

  -- Prof. Marcos: Ter, Qui, Sex manhã + tarde
  ('20000000-0000-0000-0000-000000000018', 'c0000000-0000-0000-0000-000000000005', 'TERCA',   '07:30', '17:00'),
  ('20000000-0000-0000-0000-000000000019', 'c0000000-0000-0000-0000-000000000005', 'QUINTA',  '07:30', '17:00'),
  ('20000000-0000-0000-0000-000000000020', 'c0000000-0000-0000-0000-000000000005', 'SEXTA',   '07:30', '17:00'),

  -- Profa. Patrícia: Seg–Sex tarde
  ('20000000-0000-0000-0000-000000000021', 'c0000000-0000-0000-0000-000000000006', 'SEGUNDA', '13:00', '17:00'),
  ('20000000-0000-0000-0000-000000000022', 'c0000000-0000-0000-0000-000000000006', 'TERCA',   '13:00', '17:00'),
  ('20000000-0000-0000-0000-000000000023', 'c0000000-0000-0000-0000-000000000006', 'QUARTA',  '13:00', '17:00'),
  ('20000000-0000-0000-0000-000000000024', 'c0000000-0000-0000-0000-000000000006', 'QUINTA',  '13:00', '17:00'),
  ('20000000-0000-0000-0000-000000000025', 'c0000000-0000-0000-0000-000000000006', 'SEXTA',   '13:00', '17:00');

-- ────────────────────────────────────────────────────────────
-- 12. Grade Horária — Turma ↔ Disciplina ↔ Professor (horários de aula)
-- ────────────────────────────────────────────────────────────

-- ═══ 5º Ano A (Fundamental I) ═══
INSERT INTO turma_disciplina_professor (id, turma_id, disciplina_id, professor_id, ano_letivo_id, dia_semana, hora_inicio, hora_fim) VALUES
  -- Segunda
  ('30000000-0000-0000-0000-000000000001', '10000000-0000-0000-0000-000000000001', 'd0000000-0000-0000-0000-000000000001', 'c0000000-0000-0000-0000-000000000001', 'f0000000-0000-0000-0000-000000000001', 'SEGUNDA', '07:30', '08:20'),
  ('30000000-0000-0000-0000-000000000002', '10000000-0000-0000-0000-000000000001', 'd0000000-0000-0000-0000-000000000002', 'c0000000-0000-0000-0000-000000000002', 'f0000000-0000-0000-0000-000000000001', 'SEGUNDA', '08:20', '09:10'),
  -- Terça
  ('30000000-0000-0000-0000-000000000003', '10000000-0000-0000-0000-000000000001', 'd0000000-0000-0000-0000-000000000003', 'c0000000-0000-0000-0000-000000000003', 'f0000000-0000-0000-0000-000000000001', 'TERCA',   '07:30', '08:20'),
  ('30000000-0000-0000-0000-000000000004', '10000000-0000-0000-0000-000000000001', 'd0000000-0000-0000-0000-000000000004', 'c0000000-0000-0000-0000-000000000003', 'f0000000-0000-0000-0000-000000000001', 'TERCA',   '08:20', '09:10'),
  -- Quarta
  ('30000000-0000-0000-0000-000000000005', '10000000-0000-0000-0000-000000000001', 'd0000000-0000-0000-0000-000000000005', 'c0000000-0000-0000-0000-000000000004', 'f0000000-0000-0000-0000-000000000001', 'QUARTA',  '07:30', '08:20'),
  ('30000000-0000-0000-0000-000000000006', '10000000-0000-0000-0000-000000000001', 'd0000000-0000-0000-0000-000000000010', 'c0000000-0000-0000-0000-000000000002', 'f0000000-0000-0000-0000-000000000001', 'QUARTA',  '08:20', '09:10'),
  -- Quinta
  ('30000000-0000-0000-0000-000000000007', '10000000-0000-0000-0000-000000000001', 'd0000000-0000-0000-0000-000000000001', 'c0000000-0000-0000-0000-000000000001', 'f0000000-0000-0000-0000-000000000001', 'QUINTA',  '07:30', '08:20'),
  ('30000000-0000-0000-0000-000000000008', '10000000-0000-0000-0000-000000000001', 'd0000000-0000-0000-0000-000000000009', 'c0000000-0000-0000-0000-000000000005', 'f0000000-0000-0000-0000-000000000001', 'QUINTA',  '08:20', '09:10'),

-- ═══ 7º Ano B (Fundamental II) ═══
  -- Segunda
  ('30000000-0000-0000-0000-000000000011', '10000000-0000-0000-0000-000000000002', 'd0000000-0000-0000-0000-000000000002', 'c0000000-0000-0000-0000-000000000002', 'f0000000-0000-0000-0000-000000000001', 'SEGUNDA', '09:30', '10:20'),
  ('30000000-0000-0000-0000-000000000012', '10000000-0000-0000-0000-000000000002', 'd0000000-0000-0000-0000-000000000001', 'c0000000-0000-0000-0000-000000000001', 'f0000000-0000-0000-0000-000000000001', 'SEGUNDA', '10:20', '11:10'),
  -- Quarta
  ('30000000-0000-0000-0000-000000000013', '10000000-0000-0000-0000-000000000002', 'd0000000-0000-0000-0000-000000000003', 'c0000000-0000-0000-0000-000000000003', 'f0000000-0000-0000-0000-000000000001', 'QUARTA',  '09:30', '10:20'),
  ('30000000-0000-0000-0000-000000000014', '10000000-0000-0000-0000-000000000002', 'd0000000-0000-0000-0000-000000000005', 'c0000000-0000-0000-0000-000000000004', 'f0000000-0000-0000-0000-000000000001', 'QUARTA',  '10:20', '11:10'),
  -- Sexta
  ('30000000-0000-0000-0000-000000000015', '10000000-0000-0000-0000-000000000002', 'd0000000-0000-0000-0000-000000000011', 'c0000000-0000-0000-0000-000000000006', 'f0000000-0000-0000-0000-000000000001', 'SEXTA',   '13:00', '13:50'),
  ('30000000-0000-0000-0000-000000000016', '10000000-0000-0000-0000-000000000002', 'd0000000-0000-0000-0000-000000000012', 'c0000000-0000-0000-0000-000000000006', 'f0000000-0000-0000-0000-000000000001', 'SEXTA',   '13:50', '14:40'),

-- ═══ 9º Ano A (Fundamental II) ═══
  -- Terça
  ('30000000-0000-0000-0000-000000000021', '10000000-0000-0000-0000-000000000003', 'd0000000-0000-0000-0000-000000000001', 'c0000000-0000-0000-0000-000000000001', 'f0000000-0000-0000-0000-000000000001', 'TERCA',   '09:30', '10:20'),
  ('30000000-0000-0000-0000-000000000022', '10000000-0000-0000-0000-000000000003', 'd0000000-0000-0000-0000-000000000002', 'c0000000-0000-0000-0000-000000000002', 'f0000000-0000-0000-0000-000000000001', 'TERCA',   '10:20', '11:10'),
  -- Quinta
  ('30000000-0000-0000-0000-000000000023', '10000000-0000-0000-0000-000000000003', 'd0000000-0000-0000-0000-000000000004', 'c0000000-0000-0000-0000-000000000003', 'f0000000-0000-0000-0000-000000000001', 'QUINTA',  '09:30', '10:20'),
  ('30000000-0000-0000-0000-000000000024', '10000000-0000-0000-0000-000000000003', 'd0000000-0000-0000-0000-000000000009', 'c0000000-0000-0000-0000-000000000005', 'f0000000-0000-0000-0000-000000000001', 'QUINTA',  '10:20', '11:10'),

-- ═══ 1ª Série EM (Ensino Médio) ═══
  -- Segunda
  ('30000000-0000-0000-0000-000000000031', '10000000-0000-0000-0000-000000000004', 'd0000000-0000-0000-0000-000000000006', 'c0000000-0000-0000-0000-000000000001', 'f0000000-0000-0000-0000-000000000001', 'SEGUNDA', '13:00', '13:50'),
  ('30000000-0000-0000-0000-000000000032', '10000000-0000-0000-0000-000000000004', 'd0000000-0000-0000-0000-000000000007', 'c0000000-0000-0000-0000-000000000004', 'f0000000-0000-0000-0000-000000000001', 'SEGUNDA', '13:50', '14:40'),
  -- Quarta
  ('30000000-0000-0000-0000-000000000033', '10000000-0000-0000-0000-000000000004', 'd0000000-0000-0000-0000-000000000008', 'c0000000-0000-0000-0000-000000000004', 'f0000000-0000-0000-0000-000000000001', 'QUARTA',  '13:00', '13:50'),
  ('30000000-0000-0000-0000-000000000034', '10000000-0000-0000-0000-000000000004', 'd0000000-0000-0000-0000-000000000011', 'c0000000-0000-0000-0000-000000000006', 'f0000000-0000-0000-0000-000000000001', 'QUARTA',  '13:50', '14:40'),
  -- Sexta
  ('30000000-0000-0000-0000-000000000035', '10000000-0000-0000-0000-000000000004', 'd0000000-0000-0000-0000-000000000001', 'c0000000-0000-0000-0000-000000000001', 'f0000000-0000-0000-0000-000000000001', 'SEXTA',   '07:30', '08:20'),
  ('30000000-0000-0000-0000-000000000036', '10000000-0000-0000-0000-000000000004', 'd0000000-0000-0000-0000-000000000012', 'c0000000-0000-0000-0000-000000000006', 'f0000000-0000-0000-0000-000000000001', 'SEXTA',   '08:20', '09:10');
